{"weights":[0.33773615669221607,1.9633277042319999,-0.0008594095795450041,-1.7860237795365894,2.4746844809163893,0.2431111355922007,-5.177850202758836,167.83501082916197,-2.012157426207787,0],"bias":-1.3437820807832808}